{"cameraMode":{"drawMode":0,"name":"Shaded","section":"Shading Mode"},"sceneLighting":false,"audioPlay":false,"sceneViewState":{"m_AlwaysRefresh":false,"showFog":true,"showSkybox":false,"showFlares":true,"showImageEffects":true,"showParticleSystems":true,"showVisualEffectGraphs":true,"m_FxEnabled":true},"in2DMode":false,"pivot":{"x":3.893510341644287,"y":-2.3465840816497804,"z":-0.004545450210571289},"rotation":{"x":0.11907804757356644,"y":0.8261873722076416,"z":-0.5167247653007507,"w":0.19040179252624513},"size":5.633672714233398,"orthographic":false}