{"cameraMode":{"drawMode":0,"name":"Shaded","section":"Shading Mode"},"sceneLighting":false,"audioPlay":false,"sceneViewState":{"m_AlwaysRefresh":false,"showFog":true,"showSkybox":false,"showFlares":true,"showImageEffects":true,"showParticleSystems":true,"showVisualEffectGraphs":true,"m_FxEnabled":true},"in2DMode":false,"pivot":{"x":-0.0639420747756958,"y":1.6838781833648682,"z":-0.0015600919723510743},"rotation":{"x":-0.08116251230239868,"y":0.9181763529777527,"z":-0.29190146923065188,"w":-0.25529944896698},"size":2.628807306289673,"orthographic":false}